Наименование товара,Цена,Ссылка на товар
Подвесной светильник Сансет Black,5990руб.,https://www.divan.ru/product/podvesnoj-svetilnik-sanset-black
Торшер Билли Black,13 990руб.,https://www.divan.ru/product/torsher-billi-black
Подвесной светильник Бабл-9,15 990руб.,https://www.divan.ru/product/podvesnoj-svetilnik-babl-9
Торшер Бабл-1,5990руб.,https://www.divan.ru/product/torsher-babl-1
Подвесной светильник Бабл-3,4990руб.,https://www.divan.ru/product/podvesnoj-svetilnik-babl-3
Бра Бабл Black,1590руб.,https://www.divan.ru/product/bra-babl-black
Настольная лампа Дэнди Black,2990руб.,https://www.divan.ru/product/nastolnaya-lampa-dendi-black
Настольная лампа Дэнди White,2990руб.,https://www.divan.ru/product/nastolnaya-lampa-dendi-white
Торшер Варио White,3999руб.,https://www.divan.ru/product/torsher-vario-white
Бра Варио Black,990руб.,https://www.divan.ru/product/bra-vario-black
Бра Варио White,990руб.,https://www.divan.ru/product/bra-vario-white
Подвесной светильник Сансет White,2990руб.,https://www.divan.ru/product/podvesnoj-svetilnik-sanset-white
Подвесной светильник Кэндел Black,1990руб.,https://www.divan.ru/product/podvesnoj-svetilnik-kendel-black
Подвесной светильник Кэндел White,3590руб.,https://www.divan.ru/product/podvesnoj-svetilnik-kendel-white
Торшер Вена Black,10 990руб.,https://www.divan.ru/product/torsher-vena-black
Настольная лампа Гровер Glass,4990руб.,https://www.divan.ru/product/nastolnaya-lampa-grover-glass
Настольная лампа Рэй Black,3290руб.,https://www.divan.ru/product/nastolnaya-lampa-rej-black
Торшер Рэй White,5590руб.,https://www.divan.ru/product/torsher-rej-white
Торшер Мун Black,6990руб.,https://www.divan.ru/product/torsher-mun-black
Торшер Варио Black,5990руб.,https://www.divan.ru/product/torsher-vario-black
Настольная лампа Раффи Round,6590руб.,https://www.divan.ru/product/nastolnaya-lampa-raffi-round
Торшер Гросс White,5990руб.,https://www.divan.ru/product/torsher-gross-white
Бра Moderli Alina,3190руб.,https://www.divan.ru/product/bra-moderli-alina
Подвесной светильник Маро Green,9990руб.,https://www.divan.ru/product/podvesnoj-svetilnik-maro-green
Настольная лампа Машрум Grey,4590руб.,https://www.divan.ru/product/nastolnaya-lampa-mashrum-grey
Настольная лампа Рэй White,2590руб.,https://www.divan.ru/product/nastolnaya-lampa-rej-white
Светильник потолочный Matthew,4990руб.,https://www.divan.ru/product/svetilnik-potolochnyj-matthew
Настольная лампа Junior-4,2990руб.,https://www.divan.ru/product/nastolnaya-lampa-junior-4
Спот Лайт-1 Black,2390руб.,https://www.divan.ru/product/spot-lajt-1-black
Настольная лампа Junior-3,3870руб.,https://www.divan.ru/product/nastolnaya-lampa-junior-3
Настольная лампа Junior-1,3990руб.,https://www.divan.ru/product/nastolnaya-lampa-junior-1
Подвесной светильник Milligan,6290руб.,https://www.divan.ru/product/podvesnoj-svetilnik-milligan
Настольная лампа Сфера Black,3990руб.,https://www.divan.ru/product/nastolnaya-lampa-sfera-black
Подвесной светильник Townshend-4,12 590руб.,https://www.divan.ru/product/podvesnoj-svetilnik-townshend-4
Люстра Монти-3 White,9990руб.,https://www.divan.ru/product/lyustra-monti-3-white
Настольная лампа Junior-2,2890руб.,https://www.divan.ru/product/nastolnaya-lampa-junior-2
Настольная лампа Taeda,4990руб.,https://www.divan.ru/product/nastolnaya-lampa-taeda
Торшер Duetto,6990руб.,https://www.divan.ru/product/torsher-duetto
Настольная лампа Sphere,6530руб.,https://www.divan.ru/product/nastolnaya-lampa-sphere
Подвесной светильник Layham,22 790руб.,https://www.divan.ru/product/podvesnoj-svetilnik-layham
Бра Galdakao-1,6590руб.,https://www.divan.ru/product/bra-galdakao
Подвесной светильник Сэнсил Silver,4590руб.,https://www.divan.ru/product/podvesnoj-svetilnik-sensil-silver
Подвесной светильник Tureis,3390руб.,https://www.divan.ru/product/podvesnoj-svetilnik-tureis
Бра Moderli Birds-1,9390руб.,https://www.divan.ru/product/bra-moderli-birds-1
Подвесной светильник Даклин White,3990руб.,https://www.divan.ru/product/podvesnoj-svetilnik-daklin-white
Люстра Монти-5 White,14 990руб.,https://www.divan.ru/product/lyustra-monti-5-white
Настольная лампа Townshend-5,6290руб.,https://www.divan.ru/product/nastolnaya-lampa-townshend-5
Подвесной светильник Nevy,14 990руб.,https://www.divan.ru/product/podvesnoj-svetilnik-nevy
